onset,offset,key,degree,quality,inversion,roman number
0,39,d,1,m,0,i
39,42,d,5,m,0,v
42,45,d,5/5,M,0,V/v
45,51,d,5,m,0,v
51,54,d,1,m,0,i
54,57,d,5,D7,0,V7
57,63,d,1,m,0,i
63,66,d,5,m,0,v
66,69,d,5/5,M,0,V/v
69,75,d,5,m,0,v
75,78,d,1,m,0,i
78,81,d,5,D7,0,V7
81,87,d,1,m,0,i
87,90,d,5,m,1,v6
90,93,d,5/5,D7,1,V65/V
93,99,d,5,m,1,v6
99,102,d,1,m,2,i64
102,105,d,5,M,0,V
105,111,d,1,m,2,i64
111,114,d,5,m,0,v
114,117,d,5/5,D7,1,V65/V
117,120,d,5,m,0,v
120,123,d,5,D7,0,V7
123,126,d,1,m,2,i64
126,129,d,5,D7,0,V7
129,132,d,1,m,2,i64
132,135,d,5,D7,0,V7
135,138,d,1,m,2,i64
138,141,d,5,D7,0,V7
141,144,d,1,m,2,i64
144,147,d,5,D7,0,V7
147,150,d,1,m,2,i64
150,153,d,5,D7,0,V7
153,156,d,1,m,2,i64
156,159,d,5,D7,0,V7
159,162,d,1,m,2,i64
162,168,d,5,D7,0,V7
168,174,d,1,m,0,i
174,177,d,5,D7,0,V7
177,180,d,1,m,0,i
180,183,d,4,m,0,iv
183,186,d,1,m,2,i64
186,189,d,5,D7,0,V7
189,192,d,1,m,0,i
192,195,d,4,m,0,iv
195,198,d,1,m,2,i64
198,201,d,5,D7,0,V7
201,203,d,1,m,0,i
203,207,C,5,D7,0,V7
207,210,C,1,M,0,I
210,213,C,5,D7,0,V7
213,214,C,1,M,0,I
214,219,C,5,D7,0,V7
219,228,C,1,M,0,I
228,234,C,5,M,0,V
234,237,C,5,D7,3,V42
237,240,C,2,m,0,ii
240,243,C,7,d7,0,vii-
243,246,C,1,M,0,I
246,249,C,1,m,2,i64
249,255,C,5,M,0,V
255,258,C,1,M,0,I
258,261,C,5,D7,3,V42
261,264,C,1,m,0,i
264,267,C,5,D7,0,V7
267,270,C,1,M,0,I
270,273,C,1,m,2,i64
273,276,C,5,M,0,V
276,279,C,1,M,0,I
279,281,C,4,M,2,IV64
281,285,C,1,M,0,I
285,288,C,7,d,2,vii-64
288,291,C,1,M,0,I
291,293,C,4,M,2,IV64
293,297,C,1,M,0,I
297,300,C,7,d,2,vii-64
300,303,C,1,M,0,I
303,305,C,4,M,2,IV64
305,309,C,1,M,0,I
309,312,C,7,d,2,vii-64
312,315,C,1,M,0,I
315,317,C,4,M,0,iV
317,321,C,1,M,0,I
321,324,C,7,d,2,vii-64
324,330,C,1,M,0,I
330,336,C,4,M,0,IV
336,342,C,7,d,0,vii-
342,345,C,3,m,0,iii
345,348,C,1,M,0,I
348,360,C,5/4,D7,3,V42/IV
360,363,C,7/5,h7,1,vii=65/V
363,366,C,1,M,2,I64
366,372,C,5/4,D7,3,V42/IV
372,375,C,7/5,h7,1,vii=65/V
375,381,C,1,M,0,I
381,384,C,5,D7,2,V43
384,387,C,1,M,2,I64
387,390,C,5,D7,3,V42
390,396,C,1,M,0,I
396,399,C,1,M,2,I64
399,402,C,5,D7,3,V42
402,405,C,1,M,0,I
405,408,C,5,D7,0,V7
408,411,C,1,M,0,I
411,415,C,5,D7,0,V7
415,416,C,3,m,1,iii6
416,417,C,5,D7,0,V7
417,418,C,1,M,2,I64
418,419,C,5,D7,0,V7
419,420,C,6,m7,3,vi42
420,421,C,5,D7,0,V7
421,422,C,6,m7,3,vi42
422,424,C,5,D7,0,V7
424,425,C,3,m,1,iii6
425,426,C,5,D7,0,V7
426,429,C,1,M,0,I
429,432,C,6,m,0,vi
432,435,C,4,M,0,IV
435,465,d,1,m,0,i
465,468,d,5,m,0,v
468,471,d,5/5,M,0,V/v
471,477,d,5,m,0,v
477,480,d,1,m,0,i
480,483,d,5,D7,0,V7
483,489,d,1,m,0,i
489,492,d,5,m,0,v
492,495,d,5/5,M,0,V/v
495,501,d,5,m,0,v
501,504,d,1,m,0,i
504,507,d,5,D7,0,V7
507,513,d,1,m,0,i
513,516,d,5,m,1,v6
516,519,d,5/5,D7,1,V65/V
519,525,d,5,m,1,v6
525,528,d,1,m,2,i64
528,531,d,5,M,0,V
531,537,d,1,m,2,i64
537,540,d,5,m,0,v
540,543,d,5/5,D7,1,V65/V
543,546,d,5,m,0,v
546,549,d,5,D7,0,V7
549,552,d,1,m,2,i64
552,555,d,5,D7,0,V7
555,558,d,1,m,2,i64
558,561,d,5,D7,0,V7
561,564,d,1,m,2,i64
564,567,d,5,D7,0,V7
567,570,d,1,m,2,i64
570,573,d,5,D7,0,V7
573,576,d,1,m,2,i64
576,579,d,5,D7,0,V7
579,582,d,1,m,2,i64
582,585,d,5,D7,0,V7
585,588,d,1,m,2,i64
588,594,d,5,D7,0,V7
594,600,d,1,m,0,i
600,603,d,5,D7,0,V7
603,606,d,1,m,0,i
606,609,d,4,m,0,iv
609,612,d,1,m,2,i64
612,615,d,5,D7,0,V7
615,618,d,1,m,0,i
618,621,d,4,m,0,iv
621,624,d,1,m,2,i64
624,627,d,5,D7,0,V7
627,629,d,1,m,0,i
629,633,C,5,D7,0,V7
633,636,C,1,M,0,I
636,639,C,5,D7,0,V7
639,640,C,1,M,0,I
640,645,C,5,D7,0,V7
645,654,C,1,M,0,I
654,660,C,5,M,0,V
660,663,C,5,D7,3,V42
663,666,C,2,m,0,ii
666,669,C,7,d7,0,vii-7
669,672,C,1,M,0,I
672,675,C,1,m,2,i64
675,681,C,5,M,0,V
681,684,C,1,M,0,I
684,687,C,5,D7,3,V42
687,690,C,1,m,0,i
690,693,C,5,D7,0,V7
693,696,C,1,M,0,I
696,699,C,1,m,2,i64
699,702,C,5,M,0,V
702,705,C,1,M,0,I
705,707,C,4,M,2,IV64
707,711,C,1,M,0,I
711,714,C,7,d,2,vii-64
714,717,C,1,M,0,I
717,719,C,4,M,2,IV64
719,723,C,1,M,0,I
723,726,C,7,d,2,vii-64
726,729,C,1,M,0,I
729,731,C,4,M,2,IV64
731,735,C,1,M,0,I
735,738,C,7,d,2,vii-64
738,741,C,1,M,0,I
741,743,C,4,M,0,IV
743,747,C,1,M,0,I
747,750,C,7,d,2,vii-64
750,756,C,1,M,0,I
756,762,C,4,M,0,IV
762,768,C,7,d,0,vii-
768,771,C,3,m,0,iii
771,774,C,1,M,0,I
774,786,C,4-May,D7,3,V42/IV
786,789,C,5-Jul,h7,1,vii=65/V
789,792,C,1,M,2,I64
792,798,C,4-May,D7,3,V42/IV
798,801,C,5-Jul,h7,1,vii=65/V
801,807,C,1,M,0,I
807,810,C,5,D7,2,V43
810,813,C,1,M,2,I64
813,816,C,5,D7,3,V42
816,822,C,1,M,0,I
822,825,C,1,M,2,I64
825,828,C,5,D7,3,V42
828,831,C,1,M,0,I
831,834,C,5,D7,0,V7
834,837,C,1,M,0,I
837,841,C,5,D7,0,V7
841,842,C,3,m,1,iii6
842,843,C,5,D7,0,V7
843,844,C,1,M,2,I64
844,845,C,5,D7,0,V7
845,846,C,6,m7,2,vi42
846,847,C,5,D7,0,V7
847,848,C,6,m7,3,vi42
848,850,C,5,D7,0,V7
850,851,C,3,m,1,iii6
851,852,C,5,D7,0,V7
852,855,C,1,M,0,I
855,858,C,6,m,0,vi
858,861,C,4,M,0,IV
861,879,d,1,m,0,i
879,882,d,6,M,0,VI
882,885,d,3,m,0,iii
885,900,E-,1,M,0,I
900,903,E-,1,M,0,I
903,906,E-,6,m,0,vi
906,909,E-,4,M,0,IV
909,912,E-,2,m,0,ii
912,915,D-,1,M,0,I
915,918,D-,6,m,0,vi
918,921,D-,6,M,0,VI
921,924,D-,2,m,0,ii
924,927,C-,1,M,0,I
927,930,E-,6,m,0,vi
930,933,E-,1,M,0,I
933,936,E-,6,m,0,vi
936,942,E-,4,M,0,IV
942,948,E-,#4,m,0,#iv
948,957,d,2,m,0,ii
957,960,d,2,m,0,ii
960,963,d,6,M,0,VI
963,969,d,2,m,0,ii
969,972,d,6,M,0,VI
972,978,d,2,m,2,ii64
978,981,d,6,M,0,VI
981,984,d,5/5,M,0,V/V
984,987,d,5,m,2,v64
987,990,d,5/5,D7,0,V7/V
990,996,d,5,m,2,v64
996,999,d,5/5,D7,0,V7/V
999,1005,d,5,m,0,v
1005,1008,d,5/5,D7,0,V7/V
1008,1014,F,1,M,0,I
1014,1017,F,2,m7,3,ii42
1017,1023,F,1,M,0,I
1023,1026,F,5,D7,2,V43
1026,1041,F,1,M,0,I
1041,1044,F,5,M,2,V64
1044,1053,F,1,M,0,I
1053,1062,F,5,D7,0,V7
1062,1071,d,1,m,0,i
1071,1080,d,5,D7,0,V7
1080,1089,d,1,m,2,i64
1089,1101,d,5,D7,0,V7
1101,1104,d,1,m,0,i
1104,1107,d,5,M,0,V
1107,1113,d,1,m,0,i
1113,1116,d,5,D7,0,V7
1116,1122,d,1,m,0,i
1122,1125,d,5,D7,0,V7
1125,1131,d,1,m,2,i64
1131,1134,d,5,M,2,V64
1134,1137,d,1,m,2,i64
1137,1140,c,5,D7,1,V65
1140,1143,c,1,m,0,i
1143,1146,c,5,D7,1,V65
1146,1147,c,5/4,M,0,V/iv
1147,1148,c,5,D7,1,V65
1148,1149,c,1,m,0,i
1149,1152,E-,5,D7,0,V7
1152,1155,E-,1,M,0,I
1155,1158,E-,5,D7,2,V43
1158,1161,E-,1,M,1,I6
1161,1164,E-,5,M,1,V6
1164,1167,E-,1,M,2,I64
1167,1179,E-,5,D7,0,V7
1179,1191,E-,1,M,1,I6
1191,1203,d,6,D7,0,VI7
1203,1251,d,1,m,0,i
1251,1254,d,6,M,0,VI
1254,1263,d,1,m,0,i
1263,1266,d,6,M,0,VI
1266,1275,d,1,m,0,i
1275,1278,d,4/4,m,1,iv6/iv
1278,1281,d,4,m,1,iv6
1281,1284,d,5/4,D7,1,V65/iv
1284,1287,d,4,m,0,iv
1287,1290,d,4/4,m,1,iv6/iv
1290,1293,d,4,m,1,iv6
1293,1296,B-,1,M,0,I
1296,1299,B-,5,M,2,V64
1299,1302,B-,4,M,1,IV6
1302,1305,B-,1,M,1,I6
1305,1308,B-,5,M,1,V6
1308,1311,B-,5,D7,3,V42
1311,1317,B-,1,M,0,I
1317,1323,B-,2,m,1,ii6
1323,1326,B-,5,D7,0,V7
1326,1329,B-,1,M,0,I
1329,1332,B-,1,m,0,i
1332,1335,B-,5,M,0,V
1335,1341,B-,1,M,0,I
1341,1350,B-,7,m7,0,vii7
1350,1353,d,2,m,1,ii6
1353,1356,d,2,d,1,ii-6
1356,1359,d,1,M,0,I
1359,1362,d,1,m,0,i
1362,1374,d,5,M,0,V
1374,1377,d,2,d,1,ii-6
1377,1380,d,5,M,0,V
1380,1383,d,1,M,2,I64
1383,1386,d,1,d,2,i-64
1386,1392,d,5,D7,0,V7
1392,1395,D,6,D7,3,VI42
1395,1398,D,6,M,0,VI
1398,1401,D,2,m,1,ii6
1401,1404,D,5,D7,3,V42
1404,1407,D,1,M,1,I6
1407,1410,D,1,m,1,i6
1410,1413,D,5,D7,2,V43
1413,1428,D,1,M,0,I
1428,1430,D,4,M,0,IV
1430,1431,D,1,M,0,I
1431,1433,D,2,m7,3,ii42
1433,1434,D,1,M,0,I
1434,1436,D,2,m7,3,ii42
1436,1437,d,5,D&,1,V65
1437,1440,d,1,m,0,i
1440,1443,d,4,m,0,iv
1443,1445,d,2,h7,1,ii=65
1445,1446,d,1,m,0,i
1446,1448,d,2,h7,1,ii=65
1448,1449,d,5,M,0,V
1449,1452,d,1,m,0,i
1452,1455,d,4,m,0,iv
1455,1457,d,2,h7,1,ii=65
1457,1458,d,1,m,0,i
1458,1460,d,2,h7,1,ii=65
1460,1461,d,5,M,0,V
1461,1467,d,1,m,0,i
1467,1473,d,4,m,0,iv
1473,1479,d,5/3,M,0,V/III
1479,1482,d,3,M,0,III
1482,1484,d,1,m,0,i
1484,1485,d,5,m,1,v6
1485,1488,d,5/4,D7,3,V42/iv
1488,1494,d,4,m,1,iv6
1494,1497,d,2,M,2,bII64
1497,1500,d,2,d,1,ii-6
1500,1503,d,5,m7,0,v7
1503,1509,d,2,M,2,bII64
1509,1512,d,2,d,1,ii=6
1512,1515,d,5,D7,0,V7
1515,1518,d,1,m,0,i
1518,1521,d,5,D7,2,V43
1521,1523,d,1,m,0,i
1523,1524,d,4,m7,1,iv65
1524,1525,d,5/5,D7,1,V65/V
1525,1526,d,5,M,0,V
1526,1530,d,1,m,0,i
1530,1533,d,5,D7,2,V43
1533,1536,d,1,m,0,i
1536,1539,d,5,D7,3,V42
1539,1542,d,1,m,0,i
1542,1545,d,5,D7,0,V7
1545,1548,d,1,m,0,i
1548,1563,d,5,D7,0,V7
1563,1590,d,1,m,0,i
1590,1608,d,6,M,0,VI
1608,1623,d,2,M,0,bII
1623,1626,d,1,M,0,I
1626,1629,d,6,m,0,vi
1629,1632,d,4,M,0,IV
1632,1635,d,2,m,0,ii
1635,1638,D-,1,M,0,I
1638,1641,D-,6,m,0,vi
1641,1644,D-,6,M,0,VI
1644,1647,D-,2,m,0,ii
1647,1650,C-,1,M,0,I
1650,1653,C-,6,m,0,vi
1653,1656,E,1,M,0,I
1656,1659,E,6,m,0,vi
1659,1665,E,4,M,0,IV
1665,1671,E,#4,m,0,#iv
1671,1680,d,2,m,0,ii
1680,1683,d,2,m,0,ii
1683,1686,d,6,M,0,VI
1686,1692,d,2,m,0,ii
1692,1695,d,6,M,0,VI
1695,1701,d,2,m,2,ii64
1701,1704,d,6,M,0,VI
1704,1707,d,5/5,M,0,V/V
1707,1710,d,5,m,2,v64
1710,1713,d,5/5,D7,0,V7/V
1713,1719,d,5,m,2,v64
1719,1722,d,5/5,D7,0,V7/V
1722,1728,d,5,m,0,v
1728,1731,d,5/5,D7,0,V7/V
1731,1737,F,1,M,0,I
1737,1740,F,2,m7,3,ii42
1740,1746,F,1,M,0,I
1746,1749,F,5,D7,2,V43
1749,1764,F,1,M,0,I
1764,1767,F,5,M,2,V64
1767,1776,F,1,M,0,I
1776,1785,F,5,D7,0,V7
1785,1794,d,1,m,0,i
1794,1803,d,5,D7,0,V7
1803,1812,d,1,m,2,i64
1812,1824,d,5,D7,0,V7
1824,1827,d,1,m,0,i
1827,1830,d,5,M,0,V
1830,1836,d,1,m,0,i
1836,1839,d,5,D7,0,V7
1839,1845,d,1,m,0,i
1845,1848,d,5,D7,0,V7
1848,1854,d,1,m,2,i64
1854,1857,d,5,M,2,V64
1857,1860,d,1,m,2,i64
1860,1863,c,5,D7,1,V65
1863,1866,c,1,m,0,i
1866,1869,c,5,D7,1,V65
1869,1870,c,5/4,M,0,V/iv
1870,1871,c,5,D7,1,V65
1871,1872,c,1,m,0,i
1872,1875,E-,5,D7,0,V7
1875,1878,E-,1,M,0,I
1878,1881,E-,5,D7,1,V65
1881,1884,E-,1,M,1,I6
1884,1887,E-,5,M,1,V6
1887,1890,E-,1,M,2,I64
1890,1902,E-,5,D7,0,V7
1902,1914,E-,1,M,1,I6
1914,1926,d,6,D7,0,VI
1926,1974,d,1,m,0,i
1974,1977,d,6,M,0,VI
1977,1986,d,1,m,0,i
1986,1989,d,6,M,0,VI
1989,1998,d,1,m,0,i
1998,2001,d,4/4,m,1,iv6/iv
2001,2004,d,4,m,1,iv6
2004,2007,d,5/4,D7,1,V65/iv
2007,2010,d,4,m,0,iv
2010,2013,d,4/4,m,1,iv6/iv
2013,2016,d,4,m,1,iv6
2016,2019,B-,1,M,0,I
2019,2022,B-,5,M,2,V64
2022,2025,B-,4,M,1,IV6
2025,2028,B-,1,M,1,I6
2028,2031,B-,5,M,1,V6
2031,2034,B-,5,D7,3,V42
2034,2040,B-,1,M,0,I
2040,2046,B-,2,m,1,ii6
2046,2049,B-,5,D7,0,V7
2049,2052,B-,1,M,0,I
2052,2055,B-,1,m,0,i
2055,2058,B-,5,M,0,V
2058,2604,B-,1,M,0,I
2604,2073,B-,7,m7,0,vii7
2073,2076,B-,2,m,1,ii6
2076,2079,B-,2,d,1,ii-6
2079,2082,B-,1,M,0,I
2082,2085,B-,1,m,0,i
2085,2097,B-,5,M,0,V
2097,2100,B-,2,d,1,ii-6
2100,2103,B-,5,M,0,V
2103,2106,B-,1,M,2,I64
2106,2109,B-,1,d,2,i-64
2109,2115,B-,5,D7,0,V7
2115,2118,D,6,D7,3,VI42
2118,2121,D,6,M,0,VI
2121,2124,D,2,m,1,ii6
2124,2127,D,5,D7,3,V42
2127,2130,D,1,M,1,I6
2130,2133,D,1,m,1,i6
2133,2136,D,5,D7,2,V43
2136,2151,D,1,M,0,I
2151,2153,D,4,M,0,IV
2153,2154,D,1,M,0,I
2154,2156,D,2,m7,3,ii42
2156,2157,D,1,M,0,I
2157,2159,D,2,m7,3,ii42
2159,2160,d,5,D7,1,V65
2160,2163,d,1,m,0,i
2163,2166,d,4,m,0,iv
2166,2168,d,2,h7,1,ii=65
2168,2169,d,1,m,0,i
2169,2171,d,2,h7,1,ii=65
2171,2172,d,5,M,0,V
2172,2175,d,1,m,0,i
2175,2178,d,4,m,0,iv
2178,2180,d,2,h7,1,ii=65
2180,2181,d,1,m,0,i
2181,2183,d,2,h7,1,ii=65
2183,2184,d,5,M,0,V
2184,2190,d,1,m,0,i
2190,2196,d,4,m,0,iv
2196,2202,d,5/3,M,0,V/III
2202,2205,d,3,M,0,III
2205,2207,d,1,m,0,i
2207,2208,d,5,m,1,v6
2208,2211,d,5/4,D7,3,V42/iv
2211,2217,d,4,m,1,iv6
2217,2220,d,2,M,2,bII64
2220,2223,d,2,d,1,ii-6
2223,2226,d,5,m7,0,v7
2226,2232,d,2,M,2,bII64
2232,2235,d,2,d,1,ii-6
2235,2238,d,5,D7,0,V7
2238,2241,d,1,m,0,i
2241,2244,d,5,D7,2,V43
2244,2245,d,1,m,0,i
2245,2247,d,4,m7,1,iv65
2247,2248,d,5/5,D7,1,V65/V
2248,2249,d,5,M,0,V
2249,2253,d,1,m,0,i
2253,2256,d,5,D7,2,V43
2256,2259,d,1,m,0,i
2259,2262,d,5,D7,3,V42
2262,2265,d,1,m,0,i
2265,2268,d,5,D7,0,V7
2268,2271,d,1,m,0,i
2271,2286,d,5,D7,0,V7
2286,2322,d,1,m,0,i
2322,2325,d,6,M7,0,VI^7
2325,2328,d,4,m,0,iv
2328,2331,d,6,M,0,VI
2331,2337,d,5,M,0,V
2337,2340,d,1,m,1,i6
2340,2343,d,5/4,D7,3,V42/iv
2343,2346,d,4,m,0,iv
2346,2349,d,5,M,1,V6
2349,2352,d,1,m,0,i
2352,2355,d,5/4,D7,3,V42/iv
2355,2358,d,4,m,0,iv
2358,2390,d,1,m,0,i
2390,2401,D,1,M,0,I
2401,2402,D,5/4,D7,0,V7/IV
2402,2403,D,4,M,2,IV64
2403,2404,D,7,d,0,vii-
2404,2405,D,1,M,0,I
2405,2406,D,5,M,0,V
2406,2408,D,1,M,0,I
2408,2416,D,5/4,D7,0,V7/IV
2416,2418,D,4,M,2,IV64
2418,2419,D,7,d,0,vii-
2419,2420,D,1,M,0,I
2420,2421,D,7/5,h7,0,vii=7/V
2421,2433,D,5,M,0,V
2433,2434,D,5/4,D7,0,V7/IV
2434,2435,D,4,M,2,IV64
2435,2436,D,7,d,0,vii-
2436,2438,D,1,M,0,I
2438,2440,D,5,M,0,V
2440,2448,D,1,M,0,I
2448,2450,D,5/4,D7,0,V7/IV
2450,2451,D,4,M,2,IV64
2451,2452,D,7,d,0,vii-
2452,2453,D,1,M,0,I
2453,2454,D,7/5,h7,0,vii=7/V
2454,2456,D,5,M,0,V
2456,2462,D,1,M,0,I
2462,2466,D,5,M,0,V
2466,2468,D,2/5,m7,0,ii7/V
2468,2470,D,5/5,D7,2,V43/V
2470,2476,D,5,M,0,V
2476,2478,D,4,M,0,IV
2478,2480,D,1,M,1,I6
2480,2482,D,2,m,0,ii
2482,2484,D,1,M,2,I64
2484,2486,D,5,M,0,V
2486,2494,D,1,M,0,I
2494,2498,D,5,M,0,V
2498,2450,D,2/5,m7,0,ii7/V
2450,2502,D,5/5,D7,2,V43/V
2502,2508,D,5,M,0,V
2508,2510,D,4,M,0,IV
2510,2512,D,1,M,1,I6
2512,2514,D,2,m,0,ii
2514,2516,D,1,M,2,I64
2516,2518,D,5,M,0,V
2518,2528,D,1,M,0,I
2528,2530,D,5/4,D7,3,V42/IV
2530,2532,D,4,M,1,IV6
2532,2534,D,1,M,0,I
2534,2536,D,5,M,0,V
2536,2544,D,1,M,0,I
2544,2546,D,5/4,D7,3,V42/IV
2546,2548,D,4,M,1,IV6
2548,2550,D,1,M,0,I
2550,2552,D,5,M,0,V
2552,2560,D,1,M,0,I
2560,2562,D,5/4,D7,3,V42/IV
2562,2564,D,4,M,1,IV6
2564,2566,D,1,M,0,I
2566,2568,D,5,M,0,V
2568,2576,D,1,M,0,I
2576,2578,D,5/4,D7,3,V42/IV
2578,2580,D,4,M,2,IV6
2580,2582,D,1,M,0,I
2582,2588,D,5,M,0,V
2588,2592,D,5/5,D7,3,V43/V
2592,2594,D,5/4,D7,0,V7/IV
2594,2596,D,1,M,0,I
2596,2598,D,5,M,0,V
2598,2600,D,5/5,D7,3,V43/V
2600,2612,D,5,M,0,V
2612,2614,A,5,D7,3,V43
2614,2620,A,1,M,0,I
2620,2622,A,4,M,2,IV64
2622,2628,A,5/4,D7,0,V7/IV
2628,2630,A,4,M,2,IV64
2630,2644,A,5/4,D7,0,V7/IV
2644,2648,F,7,d,2,vii-64
2648,2656,F,5,M,0,V
2656,2658,F,7/6,d7,0,vii-7/vi
2658,2660,F,1,M,2,I64
2660,2662,F,5,M,0,V
2662,2664,F,5,D7,0,V7
2664,2665,D,5,D7,1,V65
2665,2672,D,1,M,0,I
2672,2677,D,5,M,0,V
2677,2678,D,5/4,D7,3,V42/IV
2678,2679,D,4,M,1,IV6
2679,2680,D,7,d,0,vii-
2680,2682,D,1,M,0,I
2682,2684,D,5,M,0,V
2684,2688,D,1,M,0,I
2688,2693,D,5,M,0,V
2693,2694,D,5/4,D7,3,V42/IV
2694,2695,D,4,M,1,IV6
2695,2696,D,7,d,0,vii-
2696,2698,D,1,M,0,I
2698,2670,D,5,M,0,V
2670,2704,D,1,M,0,I
2704,2709,D,5,M,0,V
2709,2710,D,5/4,D7,3,V42/IV
2710,2711,D,4,M,1,IV6
2711,2713,D,7,d,0,vii-
2713,2720,D,1,M,0,I
2720,2725,D,5,M,0,V
2725,2726,D,5/4,D7,3,V42/IV
2726,2728,D,4,M,0,IV
2728,2730,D,3,m,1,iii6
2730,2738,D,1,M,0,I
2738,2742,D,5,M,0,V
2742,2744,D,2/5,m7,0,ii7/V
2744,2746,D,5/5,D7,2,V43/V
2746,2752,D,5,M,0,V
2752,2754,D,4,M,0,IV
2754,2756,D,1,M,1,I6
2756,2758,D,2,m,0,ii
2758,2760,D,1,M,2,I64
2760,2762,D,5,M,0,V
2762,2770,D,1,M,0,I
2770,2774,D,5,M,0,V
2774,2776,D,2/5,m7,0,ii7/V
2776,2778,D,5/5,D7,2,V43/V
2778,2784,D,5,M,0,V
2784,2786,D,4,M,0,IV
2786,2788,D,1,M,1,I6
2788,2790,D,2,m,0,ii
2790,2792,D,1,M,2,I64
2792,2794,D,5,M,0,V
2794,2804,D,1,M,0,I
2804,2806,D,5/4,D7,3,V42/IV
2806,2807,D,4,M,1,IV6
2807,2808,D,5/4,D7,3,V42/IV
2808,2810,D,1,M,0,I
2810,2812,D,5,M,0,V
2812,2821,D,1,M,0,I
2821,2822,D,5/4,D7,3,V42/IV
2822,2823,D,4,M,1,IV6
2823,2824,D,5/4,D7,3,V42/IV
2824,2826,D,1,M,0,I
2826,2828,D,5,M,0,V
2828,2837,D,1,M,0,I
2837,2838,D,5/4,D7,3,V42/IV
2838,2839,D,4,M,1,IV6
2839,2840,D,5/4,D7,3,V42/IV
2840,2842,D,1,M,0,I
2842,2844,D,5,M,0,V
2844,2853,D,1,M,0,I
2853,2854,D,5/4,D7,3,V42/IV
2854,2855,D,4,M,2,IV6
2855,2856,D,5/4,D7,3,V42/IV
2856,2858,D,1,M,0,I
2858,2864,D,5,M,0,V
2864,2868,D,5/5,D7,3,V43/V
2868,2870,D,5/4,D7,0,V7/IV
2870,2871,D,1,M,0,I
2871,2872,D,5/4,D7,0,V7/IV
2872,2874,D,5,M,0,V
2874,2876,D,5/5,D7,3,V43/V
2876,2888,D,5,M,0,V
2888,2890,A,5,D7,3,V43
2890,2896,A,1,M,0,I
2896,2898,A,4,M,2,IV64
2898,2904,A,5/4,D7,0,V7/IV
2904,2906,A,4,M,2,IV64
2906,2920,A,5/4,D7,0,V7/IV
2920,2924,F,7,d,2,vii-64
2924,2932,F,5,M,0,V
2932,2934,F,7/6,d7,0,vii-7/vi
2934,2936,F,1,M,2,I64
2936,2938,F,5,M,0,V
2938,2940,F,5,D7,0,V7
2940,2941,D,5,D7,1,V65
2941,2942,D,1,M,0,I
2942,2944,D,5,D7,1,V65
2944,2948,D,1,M,0,I
2948,2953,D,5,M,0,V
2953,2954,D,5/4,D7,3,V42/IV
2954,2955,D,4,M,1,IV6
2955,2956,D,7,d,0,vii-
2956,2957,D,1,M,0,I
2957,2958,D,7,d,0,vii-
2958,2960,D,5,M,0,V
2960,2964,D,1,M,0,I
2964,2968,D,5,M,0,V
2968,2970,D,5/4,D7,3,V42/IV
2970,2971,D,4,M,1,IV6
2971,2972,D,7,d,0,vii-
2972,2973,D,1,M,0,I
2973,2974,D,7,d,0,vii-
2974,2976,D,5,M,0,V
2976,2980,D,1,M,0,I
2980,2984,D,5,M,0,V
2984,2986,D,5/4,D7,3,V42/IV
2986,2987,D,4,M,1,IV6
2987,2988,D,7,d,0,vii-
2988,2989,D,1,M,0,I
2989,2990,D,7,d,0,vii-
2990,2996,D,1,M,0,I
2996,3000,D,5,M,0,V
3000,3002,D,5/4,D7,3,V42/IV
3002,3003,D,4,M,0,IV
3003,3004,D,5/4,D7,3,V42/IV
3004,3006,D,3,m,1,iii6
3006,3017,D,1,M,0,I
3017,3018,D,5/4,D7,3,V42/IV
3018,3019,D,4,M,2,IV64
3019,3020,D,7,d,0,vii-
3020,3036,D,1,M,0,I
3036,3038,D,7,d,2,vii-64
3038,3044,D,1,M,0,I
3044,3046,D,7,d,2,vii-64
3046,3052,D,1,M,0,I
3052,3054,D,7,d,2,vii-64
3054,3058,D,1,M,0,I
3058,3062,D,5,D7,2,V43
3062,3066,D,1,M,0,I
3066,3070,D,5,D7,2,V43
3070,3084,D,1,M,0,I
3084,3086,D,7,d,0,vii-
3086,3092,D,1,M,0,I
3092,3094,D,5,D7,2,V43
3094,3100,D,1,M,0,I
3100,3102,D,5,D7,2,V43
3102,3106,D,1,M,0,I
3106,3110,D,5,D7,0,V7
3110,3114,D,1,M,0,I
3114,3118,D,5,D7,0,V7
3118,3122,D,1,M,0,I
3122,3126,D,5,D7,0,V7
3126,3130,D,1,M,0,I
3130,3134,D,5,D7,0,V7
3134,3136,D,1,M,0,I
3136,3142,D,4,M,2,IV64
3142,3144,D,1,M,0,I
3144,3150,D,4,M,2,IV64
3150,3152,D,1,M,0,I
3152,3162,D,4,M,2,IV64
3162,3166,d,4,m,2,iv64
3166,3205,d,1,m,0,i
3205,3208,d,5,m,0,v
3208,3211,d,5/5,M,0,V/v
3211,3217,d,5,m,0,v
3217,3220,d,1,m,0,i
3220,3223,d,5,D7,0,V7
3223,3229,d,1,m,0,i
3229,3232,d,5,m,0,v
3232,3235,d,5/5,M,0,V/v
3235,3241,d,5,m,0,v
3241,3144,d,1,m,0,i
3144,3247,d,5,D7,0,V7
3247,3253,d,1,m,0,i
3253,3256,d,5,m,1,v6
3256,3259,d,5/5,D7,1,V65/V
3259,3265,d,5,m,1,v6
3265,3268,d,1,m,2,i64
3268,3271,d,5,M,0,V
3271,3277,d,1,m,2,i64
3277,3280,d,5,m,0,v
3280,3283,d,5/5,D7,1,V65/V
3283,3286,d,5,m,0,v
3286,3289,d,5,D7,0,V7
3289,3292,d,1,m,2,i64
3292,3295,d,5,D7,0,V7
3295,3298,d,1,m,2,i64
3298,3301,d,5,D7,0,V7
3301,3304,d,1,m,2,i64
3304,3307,d,5,D7,0,V7
3307,3310,d,1,m,2,i64
3310,3313,d,5,D7,0,V7
3313,3316,d,1,m,2,i64
3316,3319,d,5,D7,0,V7
3319,3322,d,1,m,2,i64
3322,3325,d,5,D7,0,V7
3325,3328,d,1,m,2,i64
3328,3334,d,5,D7,0,V7
3334,3340,d,1,m,0,i
3340,3343,d,5,D7,0,V7
3343,3346,d,1,m,0,i
3346,3349,d,4,m,0,iv
3349,3352,d,1,m,2,i64
3352,3355,d,5,D7,0,V7
3355,3358,d,1,m,0,i
3358,3361,d,4,m,0,iv
3361,3364,d,1,m,2,i64
3364,3367,d,5,D7,0,V7
3367,3369,d,1,m,0,i
3369,3373,C,5,D7,0,V7
3373,3376,C,1,M,0,I
3376,3379,C,5,D7,0,V7
3379,3380,C,1,M,0,I
3380,3385,C,5,D7,0,V7
3385,3394,C,1,M,0,I
3394,3400,C,5,M,0,V
3400,3403,C,5,D7,3,V42
3403,3406,C,2,m,0,ii
3406,3409,C,7,d7,0,vii-
3409,3412,C,1,M,0,I
3412,3415,C,1,m,2,i64
3415,3421,C,5,M,0,V
3421,3424,C,1,M,0,I
3424,3427,C,5,D7,3,V42
3427,3430,C,1,m,0,i
3430,3433,C,5,D7,0,V7
3433,3436,C,1,M,0,I
3436,3439,C,1,m,2,i64
3439,3442,C,5,M,0,V
3442,3445,C,1,M,0,I
3445,3447,C,4,M,2,IV64
3447,3451,C,1,M,0,I
3451,3454,C,7,d,2,vii-64
3454,3457,C,1,M,0,I
3457,3459,C,4,M,2,IV64
3459,3463,C,1,M,0,I
3463,3466,C,7,d,2,vii-64
3466,3469,C,1,M,0,I
3469,3471,C,4,M,2,IV64
3471,3475,C,1,M,0,I
3475,3478,C,7,d,2,vii-64
3478,3481,C,1,M,0,I
3481,3483,C,4,M,0,iV
3483,3487,C,1,M,0,I
3487,3490,C,7,d,2,vii-64
3490,3496,C,1,M,0,I
3496,3502,C,4,M,0,IV
3502,3508,C,7,d,0,vii-
3508,3511,C,3,m,0,iii
3511,3514,C,1,M,0,I
3514,3527,C,5/4,D7,3,V42/IV
3527,3529,C,7/5,h7,1,vii=65/V
3529,3532,C,1,M,2,I64
3532,3538,C,5/4,D7,3,V42/IV
3538,3541,C,7/5,h7,1,vii=65/V
3541,3547,C,1,M,0,I
3547,3550,C,5,D7,2,V43
3550,3553,C,1,M,2,I64
3553,3556,C,5,D7,3,V42
3556,3562,C,1,M,0,I
3562,3565,C,1,M,2,I64
3565,3568,C,5,D7,3,V42
3568,3571,C,1,M,0,I
3571,3574,C,5,D7,0,V7
3574,3577,C,1,M,0,I
3577,3581,C,5,D7,0,V7
3581,3582,C,3,m,1,iii6
3582,3583,C,5,D7,0,V7
3583,3584,C,1,M,2,I64
3584,3585,C,5,D7,0,V7
3585,3586,C,6,m7,3,vi42
3586,3587,C,5,D7,0,V7
3587,3588,C,6,m7,3,vi42
3588,3590,C,5,D7,0,V7
3590,3591,C,3,m,1,iii6
3591,3592,C,5,D7,0,V7
3592,3595,C,1,M,0,I
3595,3598,C,6,m,0,vi
3598,3601,C,4,M,0,IV
3601,3622,d,1,m,0,i
3622,3625,d,6,M,0,VI
3625,3628,E-,3,m,0,iii
3628,3643,E-,1,M,0,I
3643,3646,E-,1,M,0,I
3646,3649,E-,6,m,0,vi
3649,3652,E-,4,M,0,IV
3652,3655,E-,2,m,0,ii
3655,3658,D-,1,M,0,I
3658,3661,D-,6,m,0,vi
3661,3664,D-,6,M,0,VI
3664,3667,D-,2,m,0,ii
3667,3670,C-,1,M,0,I
3670,3673,C-,6,m,0,vi
3673,3676,E-,1,M,0,I
3676,3679,E-,6,m,0,vi
3679,3685,E-,4,M,0,IV
3685,3691,E-,#4,m,0,#iv
3691,3700,d,2,m,0,ii
3700,3703,d,2,m,0,ii
3703,3706,d,6,M,0,VI
3706,3712,d,2,m,0,ii
3712,3715,d,6,M,0,VI
3715,3721,d,2,m,2,ii64
3721,3724,d,6,M,0,VI
3724,3727,d,5/5,M,0,V/V
3727,3730,d,5,m,2,v64
3730,3733,d,5/5,D7,0,V7/V
3733,3739,d,5,m,2,v64
3739,3742,d,5/5,D7,0,V7/V
3742,3748,d,5,m,0,v
3748,3751,d,5/5,D7,0,V7/V
3751,3757,F,1,M,0,I
3757,3760,F,2,m7,3,ii42
3760,3766,F,1,M,0,I
3766,3769,F,5,D7,2,V43
3769,3784,F,1,M,0,I
3784,3787,F,5,M,2,V64
3787,3796,F,1,M,0,I
3796,3805,F,5,D7,0,V7
3805,3814,d,1,m,0,i
3814,3823,d,5,D7,0,V7
3823,3832,d,1,m,2,i64
3832,3844,d,5,D7,0,V7
3844,3847,d,1,m,0,i
3847,3850,d,5,M,0,V
3850,3856,d,1,m,0,i
3856,3859,d,5,D7,0,V7
3859,3865,d,1,m,0,i
3865,3868,d,5,D7,0,V7
3868,3874,d,1,m,2,i64
3874,3877,d,5,M,2,V64
3877,3880,d,1,m,2,i64
3880,3883,c,5,D7,1,V65
3883,3886,c,1,m,0,i
3886,3889,c,5,D7,1,V65
3889,3890,c,5/4,M,0,V/iv
3890,3891,c,5,D7,1,V65
3891,3892,c,1,m,0,i
3892,3895,E-,5,D7,0,V7
3895,3898,E-,1,M,0,I
3898,3901,E-,5,D7,2,V43
3901,3904,E-,1,M,1,I6
3904,3907,E-,5,M,1,V6
3907,3910,E-,1,M,2,I64
3910,3922,E-,5,D7,0,V7
3922,3934,E-,1,M,1,I6
3934,3946,d,6,D7,0,VI7
3946,3994,d,1,m,0,i
3994,3997,d,6,M,0,VI
3997,4006,d,1,m,0,i
4006,4009,d,6,M,0,VI
4009,4018,d,1,m,0,i
4018,4021,d,4/4,m,1,iv6/iv
4021,4024,d,4,m,1,iv6
4024,4027,d,5/4,D7,1,V65/iv
4027,4030,d,4,m,0,iv
4030,4033,d,4/4,m,1,iv6/iv
4033,4036,d,4,m,1,iv6
4036,4039,B-,1,M,0,I
4039,4042,B-,5,M,2,V64
4042,4045,B-,4,M,1,IV6
4045,4048,B-,1,M,1,I6
4048,4051,B-,5,M,1,V6
4051,4054,B-,5,D7,3,V42
4054,4060,B-,1,M,0,I
4060,4066,B-,2,m,1,ii6
4066,4069,B-,5,D7,0,V7
4069,4072,B-,1,M,0,I
4072,4075,B-,1,m,0,i
4075,4078,B-,5,M,0,V
4078,4084,B-,1,M,0,I
4084,4093,B-,7,m7,0,vii7
4093,4096,d,2,m,1,ii6
4096,4099,d,2,d,1,ii-6
4099,4102,d,1,M,0,I
4102,4105,d,1,m,0,i
4105,4117,d,5,M,0,V
4117,4120,d,2,d,1,ii-6
4120,4123,d,5,M,0,V
4123,4126,d,1,M,2,I64
4126,4129,d,1,d,2,i-64
4129,4135,d,5,D7,0,V7
4135,4138,D,6,D7,3,VI42
4138,4141,D,6,M,0,VI
4141,4144,D,2,m,1,ii6
4144,4147,D,5,D7,3,V42
4147,4150,D,1,M,1,I6
4150,4153,D,1,m,1,i6
4153,4156,D,5,D7,2,V43
4156,4171,D,1,M,0,I
4171,4173,D,4,M,0,IV
4173,4174,D,1,M,0,I
4174,4176,D,2,m7,3,ii42
4176,4177,D,1,M,0,I
4177,4179,D,2,m7,3,ii42
4179,4180,d,5,D&,1,V65
4180,4183,d,1,m,0,i
4183,4186,d,4,m,0,iv
4186,4188,d,2,h7,1,ii=65
4188,4189,d,1,m,0,i
4189,4191,d,2,h7,1,ii=65
4191,4192,d,5,M,0,V
4192,4195,d,1,m,0,i
4195,4198,d,4,m,0,iv
4198,4200,d,2,h7,1,ii=65
4200,4201,d,1,m,0,i
4201,4203,d,2,h7,1,ii=65
4203,4204,d,5,M,0,V
4204,4210,d,1,m,0,i
4210,4216,d,4,m,0,iv
4216,4222,d,5/3,M,0,V/III
4222,4225,d,3,M,0,III
4225,4227,d,1,m,0,i
4227,4228,d,5,m,1,v6
4228,4231,d,5/4,D7,3,V42/iv
4231,4237,d,4,m,1,iv6
4237,4240,d,2,M,2,bII64
4240,4243,d,2,d,1,ii-6
4243,4246,d,5,m7,0,v7
4246,4252,d,2,M,2,bII64
4252,4255,d,2,d,1,ii=6
4255,4258,d,5,D7,0,V7
4258,4261,d,1,m,0,i
4261,4264,d,5,D7,2,V43
4264,4265,d,1,m,0,i
4265,4267,d,4,m7,1,iv65
4267,4268,d,5/5,D7,1,V65/V
4268,4269,d,5,M,0,V
4269,4273,d,1,m,0,i
4273,4276,d,5,D7,2,V43
4276,4279,d,1,m,0,i
4279,4282,d,5,D7,3,V42
4282,4285,d,1,m,0,i
4285,4288,d,5,D7,0,V7
4288,4291,d,1,m,0,i
4291,4306,d,5,D7,0,V7
4306,4342,d,1,m,0,i
4342,4345,d,6,M7,0,VI^7
4345,4348,d,4,m,0,iv
4348,4351,d,6,M,0,VI
4351,4357,d,5,M,0,V
4357,4360,d,1,m,1,i6
4360,4363,d,5/4,D7,3,V42/iv
4363,4366,d,4,m,0,iv
4366,4369,d,5,M,1,V6
4369,4372,d,1,m,0,i
4372,4375,d,5/4,D7,3,V42/iv
4375,4378,d,4,m,0,iv
4378,4410,d,1,m,0,i
4410,4421,D,1,M,0,I
4421,4422,D,5/4,D7,0,V7/IV
4422,4423,D,4,M,2,IV64
4423,4424,D,7,d,0,vii-
4424,4426,D,1,M,0,I
4426,4428,D,5,M,0,V
4428,4451,D,1,M,0,I